[
    {
        "name": "008d2a0a-ac995caf.jpg",
        "labels": [
          {
            "id": "0",
            "attributes": {
              "laneDirection": "parallel",
              "laneStyle": "solid",
              "laneTypes": "road curb"
            },
            "category": "road curb",
            "poly2d": [
              {
                "vertices": [
                  [
                    3.944518,
                    543.374625
                  ],
                  [
                    165.374886,
                    491.062162
                  ],
                  [
                    390.381753,
                    428.624705
                  ],
                  [
                    488.256685,
                    388.124733
                  ]
                ],
                "types": "LCCC",
                "closed": false
              }
            ]
          },
          {
            "id": "2",
            "attributes": {
              "laneDirection": "parallel",
              "laneStyle": "dashed",
              "laneTypes": "single white"
            },
            "category": "single white",
            "poly2d": [
              {
                "vertices": [
                  [
                    145.694421,
                    656.437049
                  ],
                  [
                    483.194189,
                    442.124696
                  ]
                ],
                "types": "LL",
                "closed": false
              }
            ]
          },
          {
            "id": "3",
            "attributes": {
              "laneDirection": "parallel",
              "laneStyle": "dashed",
              "laneTypes": "single white"
            },
            "category": "single white",
            "poly2d": [
              {
                "vertices": [
                  [
                    233.444361,
                    644.624556
                  ],
                  [
                    489.944184,
                    455.624687
                  ]
                ],
                "types": "LL",
                "closed": false
              }
            ]
          },
          {
            "id": "4",
            "attributes": {
              "laneDirection": "parallel",
              "laneStyle": "dashed",
              "laneTypes": "single white"
            },
            "category": "single white",
            "poly2d": [
              {
                "vertices": [
                  [
                    672.194059,
                    367.874747
                  ],
                  [
                    716.069029,
                    374.624742
                  ],
                  [
                    956.811842,
                    534.937132
                  ],
                  [
                    1083.943777,
                    626.06207
                  ]
                ],
                "types": "LCCC",
                "closed": false
              }
            ]
          },
          {
            "id": "5",
            "attributes": {
              "laneDirection": "parallel",
              "laneStyle": "dashed",
              "laneTypes": "single white"
            },
            "category": "single white",
            "poly2d": [
              {
                "vertices": [
                  [
                    1089.006272,
                    609.187081
                  ],
                  [
                    953.436845,
                    528.187137
                  ],
                  [
                    828.380363,
                    425.731084
                  ],
                  [
                    680.631553,
                    364.499749
                  ]
                ],
                "types": "LCCC",
                "closed": false
              }
            ]
          },
          {
            "id": "6",
            "attributes": {
              "laneDirection": "parallel",
              "laneStyle": "solid",
              "laneTypes": "road curb"
            },
            "category": "road curb",
            "poly2d": [
              {
                "vertices": [
                  [
                    780.193985,
                    367.874747
                  ],
                  [
                    957.381363,
                    386.437234
                  ],
                  [
                    1114.318755,
                    430.312205
                  ],
                  [
                    1278.006142,
                    464.062181
                  ]
                ],
                "types": "LCCC",
                "closed": false
              }
            ]
          },
          {
            "id": "7",
            "attributes": {
              "laneDirection": "parallel",
              "laneStyle": "solid",
              "laneTypes": "single white"
            },
            "category": "single white",
            "poly2d": [
              {
                "vertices": [
                  [
                    739.694013,
                    361.124752
                  ],
                  [
                    920.256388,
                    389.812232
                  ],
                  [
                    1096.874246,
                    437.0622
                  ],
                  [
                    1276.318644,
                    475.874673
                  ]
                ],
                "types": "LCCC",
                "closed": false
              }
            ]
          }
        ]
    },
    {
        "name": "0048f391-eae6a189.jpg",
        "labels": [
          {
            "id": "0",
            "attributes": {
              "laneDirection": "parallel",
              "laneStyle": "solid",
              "laneTypes": "road curb"
            },
            "category": "road curb",
            "poly2d": [
              {
                "vertices": [
                  [
                    284.576651,
                    522.693745
                  ],
                  [
                    1.513275,
                    570.61982
                  ]
                ],
                "types": "LL",
                "closed": false
              }
            ]
          },
          {
            "id": "1",
            "attributes": {
              "laneDirection": "parallel",
              "laneStyle": "solid",
              "laneTypes": "road curb"
            },
            "category": "road curb",
            "poly2d": [
              {
                "vertices": [
                  [
                    945.057857,
                    608.062063
                  ],
                  [
                    768.33046,
                    557.140611
                  ]
                ],
                "types": "LL",
                "closed": false
              }
            ]
          },
          {
            "id": "2",
            "attributes": {
              "laneDirection": "parallel",
              "laneStyle": "solid",
              "laneTypes": "single white"
            },
            "category": "single white",
            "poly2d": [
              {
                "vertices": [
                  [
                    284.576651,
                    527.186815
                  ],
                  [
                    0.015585,
                    576.610578
                  ]
                ],
                "types": "LL",
                "closed": false
              }
            ]
          },
          {
            "id": "3",
            "attributes": {
              "laneDirection": "parallel",
              "laneStyle": "solid",
              "laneTypes": "single white"
            },
            "category": "single white",
            "poly2d": [
              {
                "vertices": [
                  [
                    940.564788,
                    611.057445
                  ],
                  [
                    765.33508,
                    561.633679
                  ]
                ],
                "types": "LL",
                "closed": false
              }
            ]
          },
          {
            "id": "4",
            "attributes": {
              "laneDirection": "parallel",
              "laneStyle": "solid",
              "laneTypes": "double yellow"
            },
            "category": "double yellow",
            "poly2d": [
              {
                "vertices": [
                  [
                    477.778635,
                    494.237637
                  ],
                  [
                    426.857183,
                    539.168332
                  ],
                  [
                    357.947865,
                    596.080546
                  ],
                  [
                    298.055858,
                    647.001999
                  ]
                ],
                "types": "LCCC",
                "closed": false
              }
            ]
          },
          {
            "id": "5",
            "attributes": {
              "laneDirection": "parallel",
              "laneStyle": "solid",
              "laneTypes": "double yellow"
            },
            "category": "double yellow",
            "poly2d": [
              {
                "vertices": [
                  [
                    484.721055,
                    500.068424
                  ],
                  [
                    345.315791,
                    643.31053
                  ]
                ],
                "types": "LL",
                "closed": false
              }
            ]
          }
        ]
    },
    {
        "name": "0048f391-2c5344eb.jpg",
        "labels": [
          {
            "id": "0",
            "attributes": {
              "laneDirection": "parallel",
              "laneStyle": "solid",
              "laneTypes": "double yellow"
            },
            "category": "double yellow",
            "poly2d": [
              {
                "vertices": [
                  [
                    466.23643,
                    521.275683
                  ],
                  [
                    291.527076,
                    651.984599
                  ]
                ],
                "types": "LL",
                "closed": false
              }
            ]
          },
          {
            "id": "1",
            "attributes": {
              "laneDirection": "parallel",
              "laneStyle": "solid",
              "laneTypes": "double yellow"
            },
            "category": "double yellow",
            "poly2d": [
              {
                "vertices": [
                  [
                    450.614997,
                    525.082096
                  ],
                  [
                    228.995409,
                    655.662932
                  ]
                ],
                "types": "LL",
                "closed": false
              }
            ]
          },
          {
            "id": "3",
            "attributes": {
              "laneDirection": "parallel",
              "laneStyle": "solid",
              "laneTypes": "single white"
            },
            "category": "single white",
            "poly2d": [
              {
                "vertices": [
                  [
                    260.261243,
                    543.473762
                  ],
                  [
                    0.0,
                    594.050848
                  ]
                ],
                "types": "LL",
                "closed": false
              }
            ]
          },
          {
            "id": "4",
            "attributes": {
              "laneDirection": "parallel",
              "laneStyle": "solid",
              "laneTypes": "single white"
            },
            "category": "single white",
            "poly2d": [
              {
                "vertices": [
                  [
                    583.918461,
                    534.7509
                  ],
                  [
                    708.098337,
                    615.201266
                  ]
                ],
                "types": "LL",
                "closed": false
              }
            ]
          }
        ]
    },
    {
        "name": "003c4a61-52588960.jpg",
        "labels": [
          {
            "id": "0",
            "attributes": {
              "laneDirection": "parallel",
              "laneStyle": "solid",
              "laneTypes": "road curb"
            },
            "category": "road curb",
            "poly2d": [
              {
                "vertices": [
                  [
                    253.496161,
                    296.096099
                  ],
                  [
                    0.0,
                    336.014263
                  ]
                ],
                "types": "LL",
                "closed": false
              }
            ]
          },
          {
            "id": "2",
            "attributes": {
              "laneDirection": "parallel",
              "laneStyle": "dashed",
              "laneTypes": "single white"
            },
            "category": "single white",
            "poly2d": [
              {
                "vertices": [
                  [
                    461.636115,
                    279.546314
                  ],
                  [
                    1.282323,
                    389.826053
                  ]
                ],
                "types": "LL",
                "closed": false
              }
            ]
          },
          {
            "id": "3",
            "attributes": {
              "laneDirection": "parallel",
              "laneStyle": "dashed",
              "laneTypes": "single white"
            },
            "category": "single white",
            "poly2d": [
              {
                "vertices": [
                  [
                    677.294383,
                    316.055181
                  ],
                  [
                    970.027848,
                    540.262202
                  ]
                ],
                "types": "LL",
                "closed": false
              }
            ]
          },
          {
            "id": "4",
            "attributes": {
              "laneDirection": "parallel",
              "laneStyle": "dashed",
              "laneTypes": "single white"
            },
            "category": "single white",
            "poly2d": [
              {
                "vertices": [
                  [
                    678.62499,
                    308.736851
                  ],
                  [
                    988.656341,
                    540.262202
                  ]
                ],
                "types": "LL",
                "closed": false
              }
            ]
          },
          {
            "id": "6",
            "attributes": {
              "laneDirection": "parallel",
              "laneStyle": "solid",
              "laneTypes": "single white"
            },
            "category": "single white",
            "poly2d": [
              {
                "vertices": [
                  [
                    787.069433,
                    300.087915
                  ],
                  [
                    808.359139,
                    306.07564
                  ]
                ],
                "types": "LL",
                "closed": false
              }
            ]
          },
          {
            "id": "8",
            "attributes": {
              "laneDirection": "parallel",
              "laneStyle": "solid",
              "laneTypes": "single white"
            },
            "category": "single white",
            "poly2d": [
              {
                "vertices": [
                  [
                    1226.169629,
                    413.854682
                  ],
                  [
                    1280.033212,
                    427.82604
                  ]
                ],
                "types": "LL",
                "closed": false
              }
            ]
          },
          {
            "id": "10",
            "attributes": {
              "laneDirection": "parallel",
              "laneStyle": "solid",
              "laneTypes": "single yellow"
            },
            "category": "single yellow",
            "poly2d": [
              {
                "vertices": [
                  [
                    546.89493,
                    270.149292
                  ],
                  [
                    514.96037,
                    292.769585
                  ],
                  [
                    395.20577,
                    353.977436
                  ],
                  [
                    16.648176,
                    555.564164
                  ]
                ],
                "types": "LCCC",
                "closed": false
              }
            ]
          },
          {
            "id": "11",
            "attributes": {
              "laneDirection": "parallel",
              "laneStyle": "solid",
              "laneTypes": "single yellow"
            },
            "category": "single yellow",
            "poly2d": [
              {
                "vertices": [
                  [
                    552.88266,
                    272.145201
                  ],
                  [
                    62.554106,
                    553.568256
                  ]
                ],
                "types": "LL",
                "closed": false
              }
            ]
          },
          {
            "id": "12",
            "attributes": {
              "laneDirection": "parallel",
              "laneStyle": "solid",
              "laneTypes": "single yellow"
            },
            "category": "single yellow",
            "poly2d": [
              {
                "vertices": [
                  [
                    562.862211,
                    284.12065
                  ],
                  [
                    500.989002,
                    356.638647
                  ],
                  [
                    414.480609,
                    448.410804
                  ],
                  [
                    339.985594,
                    530.28266
                  ]
                ],
                "types": "LCCC",
                "closed": false
              }
            ]
          },
          {
            "id": "13",
            "attributes": {
              "laneDirection": "parallel",
              "laneStyle": "solid",
              "laneTypes": "single yellow"
            },
            "category": "single yellow",
            "poly2d": [
              {
                "vertices": [
                  [
                    563.527513,
                    288.777768
                  ],
                  [
                    373.916066,
                    526.290844
                  ]
                ],
                "types": "LL",
                "closed": false
              }
            ]
          }
        ]
    },
    {
        "name": "002b485a-3f6603f2.jpg",
        "labels": [
          {
            "id": "0",
            "attributes": {
              "laneDirection": "parallel",
              "laneStyle": "solid",
              "laneTypes": "road curb"
            },
            "category": "road curb",
            "poly2d": [
              {
                "vertices": [
                  [
                    51.946546,
                    555.428464
                  ],
                  [
                    120.875619,
                    544.439771
                  ]
                ],
                "types": "LL",
                "closed": false
              }
            ]
          },
          {
            "id": "1",
            "attributes": {
              "laneDirection": "vertical",
              "laneStyle": "dashed",
              "laneTypes": "crosswalk"
            },
            "category": "crosswalk",
            "poly2d": [
              {
                "vertices": [
                  [
                    137.858144,
                    543.440799
                  ],
                  [
                    502.482945,
                    553.430521
                  ]
                ],
                "types": "LL",
                "closed": false
              }
            ]
          },
          {
            "id": "2",
            "attributes": {
              "laneDirection": "vertical",
              "laneStyle": "dashed",
              "laneTypes": "crosswalk"
            },
            "category": "crosswalk",
            "poly2d": [
              {
                "vertices": [
                  [
                    308.682366,
                    518.466497
                  ],
                  [
                    508.476777,
                    524.46033
                  ]
                ],
                "types": "LL",
                "closed": false
              }
            ]
          },
          {
            "id": "3",
            "attributes": {
              "laneDirection": "vertical",
              "laneStyle": "dashed",
              "laneTypes": "crosswalk"
            },
            "category": "crosswalk",
            "poly2d": [
              {
                "vertices": [
                  [
                    645.335948,
                    576.406878
                  ],
                  [
                    1279.683206,
                    664.316417
                  ]
                ],
                "types": "LL",
                "closed": false
              }
            ]
          },
          {
            "id": "4",
            "attributes": {
              "laneDirection": "vertical",
              "laneStyle": "dashed",
              "laneTypes": "crosswalk"
            },
            "category": "crosswalk",
            "poly2d": [
              {
                "vertices": [
                  [
                    789.187926,
                    543.440799
                  ],
                  [
                    954.018316,
                    555.428464
                  ]
                ],
                "types": "LL",
                "closed": false
              }
            ]
          },
          {
            "id": "5",
            "attributes": {
              "laneDirection": "parallel",
              "laneStyle": "solid",
              "laneTypes": "road curb"
            },
            "category": "road curb",
            "poly2d": [
              {
                "vertices": [
                  [
                    523.461358,
                    521.463414
                  ],
                  [
                    603.379124,
                    524.46033
                  ]
                ],
                "types": "LL",
                "closed": false
              }
            ]
          },
          {
            "id": "6",
            "attributes": {
              "laneDirection": "vertical",
              "laneStyle": "solid",
              "laneTypes": "single white"
            },
            "category": "single white",
            "poly2d": [
              {
                "vertices": [
                  [
                    401.586767,
                    515.469582
                  ],
                  [
                    504.480889,
                    519.46547
                  ]
                ],
                "types": "LL",
                "closed": false
              }
            ]
          },
          {
            "id": "7",
            "attributes": {
              "laneDirection": "parallel",
              "laneStyle": "solid",
              "laneTypes": "road curb"
            },
            "category": "road curb",
            "poly2d": [
              {
                "vertices": [
                  [
                    867.107746,
                    482.503504
                  ],
                  [
                    921.052237,
                    490.49528
                  ]
                ],
                "types": "LL",
                "closed": false
              }
            ]
          }
        ]
    }
]